{
  "with_meta": false,
  "best_params": {
    "clf__C": 2.0
  },
  "cv_best_f1_macro": 0.7129467792296365,
  "valid_f1_macro": 0.7686340821974464
}