{
  "with_meta": true,
  "best_params": {
    "clf__C": 2.0
  },
  "cv_best_f1_macro": 0.6527323517692538,
  "valid_f1_macro": 0.7036879260438279
}